{"cameraMode":{"drawMode":0,"name":"Shaded","section":"Shading Mode"},"sceneLighting":false,"audioPlay":false,"sceneViewState":{"m_AlwaysRefresh":false,"showFog":true,"showSkybox":false,"showFlares":true,"showImageEffects":true,"showParticleSystems":true,"showVisualEffectGraphs":true,"m_FxEnabled":true},"in2DMode":false,"pivot":{"x":-1.7842891216278077,"y":2.245296001434326,"z":3.459390640258789},"rotation":{"x":-0.07485584914684296,"y":0.19529655575752259,"z":-0.015531380660831929,"w":-0.9780620336532593},"size":1.2322577238082886,"orthographic":false}