{"cameraMode":{"drawMode":0,"name":"Shaded","section":"Shading Mode"},"sceneLighting":false,"audioPlay":false,"sceneViewState":{"m_AlwaysRefresh":false,"showFog":true,"showSkybox":false,"showFlares":true,"showImageEffects":true,"showParticleSystems":true,"showVisualEffectGraphs":true,"m_FxEnabled":true},"in2DMode":false,"pivot":{"x":0.07353004068136215,"y":0.26517486572265627,"z":-0.08383910357952118},"rotation":{"x":-0.12163031846284867,"y":0.24653759598731996,"z":-0.03174780309200287,"w":-0.9612544178962708},"size":0.000017319745893473737,"orthographic":false}