{"cameraMode":{"drawMode":0,"name":"Shaded","section":"Shading Mode"},"sceneLighting":true,"audioPlay":false,"sceneViewState":{"m_AlwaysRefresh":false,"showFog":true,"showSkybox":false,"showFlares":true,"showImageEffects":true,"showParticleSystems":true,"showVisualEffectGraphs":true,"m_FxEnabled":true},"in2DMode":false,"pivot":{"x":-7.604069709777832,"y":2.9257423877716066,"z":12.53959846496582},"rotation":{"x":0.030682776123285295,"y":0.24410387873649598,"z":0.007166805677115917,"w":-0.9695415496826172},"size":12.12435531616211,"orthographic":false}