{"cameraMode":{"drawMode":0,"name":"Shaded","section":"Shading Mode"},"sceneLighting":true,"audioPlay":false,"sceneViewState":{"m_AlwaysRefresh":false,"showFog":true,"showSkybox":true,"showFlares":true,"showImageEffects":true,"showParticleSystems":true,"showVisualEffectGraphs":true,"m_FxEnabled":true},"in2DMode":false,"pivot":{"x":389.6791687011719,"y":9.628047943115235,"z":42.53886032104492},"rotation":{"x":-0.07485584914684296,"y":0.19529655575752259,"z":-0.015531380660831929,"w":-0.9780620336532593},"size":0.8660253882408142,"orthographic":false}