{"cameraMode":{"drawMode":0,"name":"Shaded","section":"Shading Mode"},"sceneLighting":false,"audioPlay":false,"sceneViewState":{"m_AlwaysRefresh":false,"showFog":true,"showSkybox":false,"showFlares":true,"showImageEffects":true,"showParticleSystems":true,"showVisualEffectGraphs":true,"m_FxEnabled":true},"in2DMode":false,"pivot":{"x":-12.063311576843262,"y":1.1694326400756837,"z":17.99528694152832},"rotation":{"x":-0.07485584914684296,"y":0.19529655575752259,"z":-0.015531380660831929,"w":-0.9780620336532593},"size":21.958267211914064,"orthographic":false}