{"cameraMode":{"drawMode":0,"name":"Shaded","section":"Shading Mode"},"sceneLighting":false,"audioPlay":false,"sceneViewState":{"m_AlwaysRefresh":false,"showFog":true,"showSkybox":false,"showFlares":true,"showImageEffects":true,"showParticleSystems":true,"showVisualEffectGraphs":true,"m_FxEnabled":true},"in2DMode":false,"pivot":{"x":0.8929409384727478,"y":9.860760688781739,"z":13.965547561645508},"rotation":{"x":0.10642507672309876,"y":0.8528034687042236,"z":-0.1894807368516922,"w":0.4755430817604065},"size":0.000017073167327907868,"orthographic":false}